http://sp-app01,/,f6164a42-f58f-44ec-baaf-7395dfcac8ac
http://sp-app01/sites/hr,/sites/hr,9ecd60cb-e86f-4cab-9bcd-eac6b8582811
http://sp-app01/my,/my,7afbe104-360a-4a78-87c5-b2ce8ea22749
http://sp-app01/sites/dev,/sites/dev,f823f816-8106-4a11-a352-4f755894ba6c
http://sp-app01/my/personal/aaron,/my/personal/aaron,72165620-1bf6-11e3-a0d8-0f5db0890234
http://sp-app01/my/personal/abel,/my/personal/abel,72af2f76-1bf6-11e3-a0d8-0f5db0890234
http://sp-app01/my/personal/abraham,/my/personal/abraham,7347d8e8-1bf6-11e3-a0d8-0f5db0890234
http://sp-app01/my/personal/adam,/my/personal/adam,73e0b572-1bf6-11e3-a0d8-0f5db0890234
http://sp-app01/my/personal/adrian,/my/personal/adrian,74798b44-1bf6-11e3-a0d8-0f5db0890234
http://sp-app01/my/personal/alan,/my/personal/alan,75123e8e-1bf6-11e3-a0d8-0f5db0890234
http://sp-app01/my/personal/albert,/my/personal/albert,75ab1654-1bf6-11e3-a0d8-0f5db0890234
http://sp-app01/my/personal/aldo,/my/personal/aldo,7643edac-1bf6-11e3-a0d8-0f5db0890234
http://sp-app01/my/personal/alec,/my/personal/alec,76dc9d22-1bf6-11e3-a0d8-0f5db0890234
http://sp-app01/my/personal/alex,/my/personal/alex,77757682-1bf6-11e3-a0d8-0f5db0890234
http://sp-app01/my/personal/alexis,/my/personal/alexis,780e4e0c-1bf6-11e3-a0d8-0f5db0890234
http://sp-app01/my/personal/alfonso,/my/personal/alfonso,78a725dc-1bf6-11e3-a0d8-0f5db0890234
http://sp-app01/my/personal/alfred,/my/personal/alfred,793ffc26-1bf6-11e3-a0d8-0f5db0890234
http://sp-app01/my/personal/alonso,/my/personal/alonso,79d8d4d2-1bf6-11e3-a0d8-0f5db0890234
http://sp-app01/my/personal/alton,/my/personal/alton,7a718600-1bf6-11e3-a0d8-0f5db0890234
http://sp-app01/my/personal/alvin,/my/personal/alvin,7b0a9f48-1bf6-11e3-a0d8-0f5db0890234
http://sp-app01/my/personal/andrea,/my/personal/andrea,7ba35c6a-1bf6-11e3-a0d8-0f5db0890234
http://sp-app01/my/personal/andrew,/my/personal/andrew,7c3c0776-1bf6-11e3-a0d8-0f5db0890234
http://sp-app01/my/personal/antony,/my/personal/antony,7cd4e45a-1bf6-11e3-a0d8-0f5db0890234
http://sp-app01/my/personal/ariel,/my/personal/ariel,7d6dba86-1bf6-11e3-a0d8-0f5db0890234
http://sp-app01/my/personal/arnold,/my/personal/arnold,7e066d80-1bf6-11e3-a0d8-0f5db0890234
http://sp-app01/my/personal/arthur,/my/personal/arthur,7e9f456e-1bf6-11e3-a0d8-0f5db0890234
http://sp-app01/my/personal/ashley,/my/personal/ashley,7f381d2a-1bf6-11e3-a0d8-0f5db0890234
http://sp-app01/my/personal/austin,/my/personal/austin,7fd0cdb8-1bf6-11e3-a0d8-0f5db0890234
http://sp-app01/my/personal/avery,/my/personal/avery,8069a5f6-1bf6-11e3-a0d8-0f5db0890234
http://sp-app01/my/personal/barney,/my/personal/barney,81027d58-1bf6-11e3-a0d8-0f5db0890234
http://sp-app01/my/personal/barry,/my/personal/barry,819b2de6-1bf6-11e3-a0d8-0f5db0890234
http://sp-app01/my/personal/bart,/my/personal/bart,823405d4-1bf6-11e3-a0d8-0f5db0890234
http://sp-app01/my/personal/basil,/my/personal/basil,82ccdad4-1bf6-11e3-a0d8-0f5db0890234
http://sp-app01/my/personal/ben,/my/personal/ben,83658dce-1bf6-11e3-a0d8-0f5db0890234
http://sp-app01/my/personal/benjamin,/my/personal/benjamin,83fe69e0-1bf6-11e3-a0d8-0f5db0890234
http://sp-app01/my/personal/bennett,/my/personal/bennett,84973e04-1bf6-11e3-a0d8-0f5db0890234
http://sp-app01/my/personal/bernard,/my/personal/bernard,852fed16-1bf6-11e3-a0d8-0f5db0890234
http://sp-app01/my/personal/berry,/my/personal/berry,85c89f2a-1bf6-11e3-a0d8-0f5db0890234
http://sp-app01/my/personal/bert,/my/personal/bert,86617736-1bf6-11e3-a0d8-0f5db0890234
http://sp-app01/my/personal/bill,/my/personal/bill,86fa253a-1bf6-11e3-a0d8-0f5db0890234
http://sp-app01/my/personal/blaine,/my/personal/blaine,8792d870-1bf6-11e3-a0d8-0f5db0890234
http://sp-app01/my/personal/blair,/my/personal/blair,882baf6e-1bf6-11e3-a0d8-0f5db0890234
http://sp-app01/my/personal/blake,/my/personal/blake,88c461dc-1bf6-11e3-a0d8-0f5db0890234
http://sp-app01/my/personal/bob,/my/personal/bob,895d1260-1bf6-11e3-a0d8-0f5db0890234
http://sp-app01/my/personal/boris,/my/personal/boris,89f5e3be-1bf6-11e3-a0d8-0f5db0890234
http://sp-app01/my/personal/brad,/my/personal/brad,8a8e9956-1bf6-11e3-a0d8-0f5db0890234
http://sp-app01/my/personal/brendan,/my/personal/brendan,8b27491c-1bf6-11e3-a0d8-0f5db0890234
http://sp-app01/my/personal/brett,/my/personal/brett,8bc01d72-1bf6-11e3-a0d8-0f5db0890234
http://sp-app01/my/personal/brian,/my/personal/brian,8c58d31e-1bf6-11e3-a0d8-0f5db0890234
http://sp-app01/my/personal/britt,/my/personal/britt,8cf182f8-1bf6-11e3-a0d8-0f5db0890234
http://sp-app01/my/personal/brock,/my/personal/brock,8d8a5b72-1bf6-11e3-a0d8-0f5db0890234
http://sp-app01/my/personal/bruce,/my/personal/bruce,8e230c50-1bf6-11e3-a0d8-0f5db0890234
http://sp-app01/my/personal/bruno,/my/personal/bruno,8ebbbdec-1bf6-11e3-a0d8-0f5db0890234
http://sp-app01/my/personal/bryan,/my/personal/bryan,8f549224-1bf6-11e3-a0d8-0f5db0890234
http://sp-app01/my/personal/bryce,/my/personal/bryce,8fed4550-1bf6-11e3-a0d8-0f5db0890234
http://sp-app01/my/personal/byron,/my/personal/byron,9086178a-1bf6-11e3-a0d8-0f5db0890234
http://sp-app01/my/personal/caleb,/my/personal/caleb,911ef55e-1bf6-11e3-a0d8-0f5db0890234
http://sp-app01/my/personal/calvin,/my/personal/calvin,91b7cc48-1bf6-11e3-a0d8-0f5db0890234
http://sp-app01/my/personal/cameron,/my/personal/cameron,92507aec-1bf6-11e3-a0d8-0f5db0890234
http://sp-app01/my/personal/carey,/my/personal/carey,92e97120-1bf6-11e3-a0d8-0f5db0890234
http://sp-app01/my/personal/carl,/my/personal/carl,93822a5a-1bf6-11e3-a0d8-0f5db0890234
http://sp-app01/my/personal/carmelo,/my/personal/carmelo,941afea6-1bf6-11e3-a0d8-0f5db0890234
http://sp-app01/my/personal/carmen,/my/personal/carmen,94b3dbd0-1bf6-11e3-a0d8-0f5db0890234
http://sp-app01/my/personal/carmine,/my/personal/carmine,954c8c90-1bf6-11e3-a0d8-0f5db0890234
http://sp-app01/my/personal/carol,/my/personal/carol,95e53d46-1bf6-11e3-a0d8-0f5db0890234
http://sp-app01/my/personal/carson,/my/personal/carson,967e1480-1bf6-11e3-a0d8-0f5db0890234
http://sp-app01/my/personal/carter,/my/personal/carter,9716e7be-1bf6-11e3-a0d8-0f5db0890234
http://sp-app01/my/personal/cary,/my/personal/cary,97af9d38-1bf6-11e3-a0d8-0f5db0890234
http://sp-app01/my/personal/casey,/my/personal/casey,9848744a-1bf6-11e3-a0d8-0f5db0890234
http://sp-app01/my/personal/cecil,/my/personal/cecil,98e1477e-1bf6-11e3-a0d8-0f5db0890234
http://sp-app01/my/personal/cedric,/my/personal/cedric,9979fd16-1bf6-11e3-a0d8-0f5db0890234
http://sp-app01/my/personal/chad,/my/personal/chad,9a12dba8-1bf6-11e3-a0d8-0f5db0890234
http://sp-app01/my/personal/charles,/my/personal/charles,9aabab8a-1bf6-11e3-a0d8-0f5db0890234
http://sp-app01/my/personal/chase,/my/personal/chase,9b445dda-1bf6-11e3-a0d8-0f5db0890234
http://sp-app01/my/personal/chauncey,/my/personal/chauncey,9bdd35e6-1bf6-11e3-a0d8-0f5db0890234
http://sp-app01/my/personal/chester,/my/personal/chester,9c760da2-1bf6-11e3-a0d8-0f5db0890234
http://sp-app01/my/personal/chet,/my/personal/chet,9d0ebdfe-1bf6-11e3-a0d8-0f5db0890234
http://sp-app01/my/personal/chris,/my/personal/chris,9da79614-1bf6-11e3-a0d8-0f5db0890234
http://sp-app01/my/personal/clair,/my/personal/clair,9e406b28-1bf6-11e3-a0d8-0f5db0890234
http://sp-app01/my/personal/clark,/my/personal/clark,9ed918e6-1bf6-11e3-a0d8-0f5db0890234
http://sp-app01/my/personal/claude,/my/personal/claude,9f71f430-1bf6-11e3-a0d8-0f5db0890234
http://sp-app01/my/personal/clayton,/my/personal/clayton,a00acb4c-1bf6-11e3-a0d8-0f5db0890234
http://sp-app01/my/personal/clemente,/my/personal/clemente,a0a37cfc-1bf6-11e3-a0d8-0f5db0890234
http://sp-app01/my/personal/cleo,/my/personal/cleo,a13c5620-1bf6-11e3-a0d8-0f5db0890234
http://sp-app01/my/personal/clint,/my/personal/clint,a1d52e68-1bf6-11e3-a0d8-0f5db0890234
http://sp-app01/my/personal/clyde,/my/personal/clyde,a26ddc62-1bf6-11e3-a0d8-0f5db0890234
http://sp-app01/my/personal/cody,/my/personal/cody,a306c0bc-1bf6-11e3-a0d8-0f5db0890234
http://sp-app01/my/personal/colby,/my/personal/colby,a39f8ee6-1bf6-11e3-a0d8-0f5db0890234
http://sp-app01/my/personal/colin,/my/personal/colin,a4383c5e-1bf6-11e3-a0d8-0f5db0890234
http://sp-app01/my/personal/connie,/my/personal/connie,a4d1176c-1bf6-11e3-a0d8-0f5db0890234
http://sp-app01/my/personal/conrad,/my/personal/conrad,a569ee92-1bf6-11e3-a0d8-0f5db0890234
http://sp-app01/my/personal/corey,/my/personal/corey,a6029f8e-1bf6-11e3-a0d8-0f5db0890234
http://sp-app01/my/personal/courtney,/my/personal/courtney,a69b7646-1bf6-11e3-a0d8-0f5db0890234
http://sp-app01/my/personal/craig,/my/personal/craig,a7344d30-1bf6-11e3-a0d8-0f5db0890234
http://sp-app01/my/personal/curtis,/my/personal/curtis,a7ccff9e-1bf6-11e3-a0d8-0f5db0890234
http://sp-app01/my/personal/dale,/my/personal/dale,a865d6a6-1bf6-11e3-a0d8-0f5db0890234
http://sp-app01/my/personal/damon,/my/personal/damon,a8fead4a-1bf6-11e3-a0d8-0f5db0890234
http://sp-app01/my/personal/dan,/my/personal/dan,a9975d42-1bf6-11e3-a0d8-0f5db0890234
http://sp-app01/my/personal/dana,/my/personal/dana,aa303530-1bf6-11e3-a0d8-0f5db0890234
http://sp-app01/my/personal/daniel,/my/personal/daniel,aac909a4-1bf6-11e3-a0d8-0f5db0890234
http://sp-app01/my/personal/dante,/my/personal/dante,ab61be7e-1bf6-11e3-a0d8-0f5db0890234
http://sp-app01/my/personal/darrell,/my/personal/darrell,abfa97e8-1bf6-11e3-a0d8-0f5db0890234
http://sp-app01/my/personal/darren,/my/personal/darren,ac936cfc-1bf6-11e3-a0d8-0f5db0890234
http://sp-app01/my/personal/darryl,/my/personal/darryl,ad2c2118-1bf6-11e3-a0d8-0f5db0890234
http://sp-app01/my/personal/david,/my/personal/david,adc4f7b2-1bf6-11e3-a0d8-0f5db0890234
http://sp-app01/my/personal/dean,/my/personal/dean,ae5dca0a-1bf6-11e3-a0d8-0f5db0890234
http://sp-app01/my/personal/dennis,/my/personal/dennis,aef67dc2-1bf6-11e3-a0d8-0f5db0890234
http://sp-app01/my/personal/derrick,/my/personal/derrick,af8f57d6-1bf6-11e3-a0d8-0f5db0890234
http://sp-app01/my/personal/desmond,/my/personal/desmond,b0282f9c-1bf6-11e3-a0d8-0f5db0890234
http://sp-app01/my/personal/devon,/my/personal/devon,b0c0e05c-1bf6-11e3-a0d8-0f5db0890234
http://sp-app01/my/personal/domingo,/my/personal/domingo,b159b804-1bf6-11e3-a0d8-0f5db0890234
http://sp-app01/my/personal/dominic,/my/personal/dominic,b1f28ae8-1bf6-11e3-a0d8-0f5db0890234
http://sp-app01/my/personal/donald,/my/personal/donald,b28b4044-1bf6-11e3-a0d8-0f5db0890234
http://sp-app01/my/personal/donovan,/my/personal/donovan,b3241882-1bf6-11e3-a0d8-0f5db0890234
http://sp-app01/my/personal/donte,/my/personal/donte,b3bcef80-1bf6-11e3-a0d8-0f5db0890234
http://sp-app01/my/personal/douglas,/my/personal/douglas,b455a0d6-1bf6-11e3-a0d8-0f5db0890234
http://sp-app01/my/personal/drew,/my/personal/drew,b4ee7702-1bf6-11e3-a0d8-0f5db0890234
http://sp-app01/my/personal/duncan,/my/personal/duncan,b5874acc-1bf6-11e3-a0d8-0f5db0890234
http://sp-app01/my/personal/dustin,/my/personal/dustin,b61fff2e-1bf6-11e3-a0d8-0f5db0890234
http://sp-app01/my/personal/dwayne,/my/personal/dwayne,b6b8d5fa-1bf6-11e3-a0d8-0f5db0890234
http://sp-app01/my/personal/earl,/my/personal/earl,b751b0fe-1bf6-11e3-a0d8-0f5db0890234
http://sp-app01/my/personal/edgar,/my/personal/edgar,b7ea5b7e-1bf6-11e3-a0d8-0f5db0890234
http://sp-app01/my/personal/edward,/my/personal/edward,b8833812-1bf6-11e3-a0d8-0f5db0890234
http://sp-app01/my/personal/elijah,/my/personal/elijah,b91c10c8-1bf6-11e3-a0d8-0f5db0890234
http://sp-app01/my/personal/elisha,/my/personal/elisha,b9b4bbac-1bf6-11e3-a0d8-0f5db0890234
http://sp-app01/my/personal/elliot,/my/personal/elliot,ba4d9354-1bf6-11e3-a0d8-0f5db0890234
http://sp-app01/my/personal/elton,/my/personal/elton,bae670d8-1bf6-11e3-a0d8-0f5db0890234
http://sp-app01/my/personal/elvin,/my/personal/elvin,bb7f2170-1bf6-11e3-a0d8-0f5db0890234
http://sp-app01/my/personal/eric,/my/personal/eric,bc17f62a-1bf6-11e3-a0d8-0f5db0890234
http://sp-app01/my/personal/erin,/my/personal/erin,bcb0cea4-1bf6-11e3-a0d8-0f5db0890234
http://sp-app01/my/personal/ethan,/my/personal/ethan,bd4981bc-1bf6-11e3-a0d8-0f5db0890234
http://sp-app01/my/personal/evan,/my/personal/evan,bde253a6-1bf6-11e3-a0d8-0f5db0890234
http://sp-app01/my/personal/felipe,/my/personal/felipe,be7b312a-1bf6-11e3-a0d8-0f5db0890234
http://sp-app01/my/personal/floyd,/my/personal/floyd,bf13e17c-1bf6-11e3-a0d8-0f5db0890234
http://sp-app01/my/personal/francis,/my/personal/francis,bfacb56e-1bf6-11e3-a0d8-0f5db0890234
http://sp-app01/my/personal/franklin,/my/personal/franklin,c045d6ea-1bf6-11e3-a0d8-0f5db0890234
http://sp-app01/my/personal/fred,/my/personal/fred,c0de9092-1bf6-11e3-a0d8-0f5db0890234
http://sp-app01/my/personal/gabriel,/my/personal/gabriel,c1776222-1bf6-11e3-a0d8-0f5db0890234
http://sp-app01/my/personal/gail,/my/personal/gail,c210400a-1bf6-11e3-a0d8-0f5db0890234
http://sp-app01/my/personal/garrett,/my/personal/garrett,c2a8eac6-1bf6-11e3-a0d8-0f5db0890234
http://sp-app01/my/personal/gary,/my/personal/gary,c341a0ea-1bf6-11e3-a0d8-0f5db0890234
http://sp-app01/my/personal/gavin,/my/personal/gavin,c3da7360-1bf6-11e3-a0d8-0f5db0890234
http://sp-app01/my/personal/geoffrey,/my/personal/geoffrey,c4732a7e-1bf6-11e3-a0d8-0f5db0890234
http://sp-app01/my/personal/george,/my/personal/george,c50bd88c-1bf6-11e3-a0d8-0f5db0890234
http://sp-app01/my/personal/gerald,/my/personal/gerald,c5a4b142-1bf6-11e3-a0d8-0f5db0890234
http://sp-app01/my/personal/gilbert,/my/personal/gilbert,c63d873c-1bf6-11e3-a0d8-0f5db0890234
http://sp-app01/my/personal/glenn,/my/personal/glenn,c6d63888-1bf6-11e3-a0d8-0f5db0890234
http://sp-app01/my/personal/gordon,/my/personal/gordon,c76f106c-1bf6-11e3-a0d8-0f5db0890234
http://sp-app01/my/personal/graham,/my/personal/graham,c807c2e4-1bf6-11e3-a0d8-0f5db0890234
http://sp-app01/my/personal/grant,/my/personal/grant,c8a07304-1bf6-11e3-a0d8-0f5db0890234
http://sp-app01/my/personal/gregg,/my/personal/gregg,c9394a5c-1bf6-11e3-a0d8-0f5db0890234
http://sp-app01/my/personal/hank,/my/personal/hank,c9d1fbbc-1bf6-11e3-a0d8-0f5db0890234
http://sp-app01/my/personal/harold,/my/personal/harold,ca6ab078-1bf6-11e3-a0d8-0f5db0890234
http://sp-app01/my/personal/harry,/my/personal/harry,cb037f24-1bf6-11e3-a0d8-0f5db0890234
http://sp-app01/my/personal/harvey,/my/personal/harvey,cb9c3bba-1bf6-11e3-a0d8-0f5db0890234
http://sp-app01/my/personal/hector,/my/personal/hector,cc350dea-1bf6-11e3-a0d8-0f5db0890234
http://sp-app01/my/personal/henry,/my/personal/henry,cccddf5c-1bf6-11e3-a0d8-0f5db0890234
http://sp-app01/my/personal/herbert,/my/personal/herbert,cd669206-1bf6-11e3-a0d8-0f5db0890234
http://sp-app01/my/personal/homer,/my/personal/homer,cdff43fc-1bf6-11e3-a0d8-0f5db0890234
http://sp-app01/my/personal/howard,/my/personal/howard,ce981906-1bf6-11e3-a0d8-0f5db0890234
http://sp-app01/my/personal/hugh,/my/personal/hugh,cf30d01a-1bf6-11e3-a0d8-0f5db0890234
http://sp-app01/my/personal/ian,/my/personal/ian,cfc97f40-1bf6-11e3-a0d8-0f5db0890234
http://sp-app01/my/personal/irvin,/my/personal/irvin,d0625198-1bf6-11e3-a0d8-0f5db0890234
http://sp-app01/my/personal/isaac,/my/personal/isaac,d0fb079e-1bf6-11e3-a0d8-0f5db0890234
http://sp-app01/my/personal/ivan,/my/personal/ivan,d193b2c8-1bf6-11e3-a0d8-0f5db0890234
http://sp-app01/my/personal/jack,/my/personal/jack,d22c8d68-1bf6-11e3-a0d8-0f5db0890234
http://sp-app01/my/personal/jacob,/my/personal/jacob,d2c56902-1bf6-11e3-a0d8-0f5db0890234
http://sp-app01/my/personal/jake,/my/personal/jake,d35e1968-1bf6-11e3-a0d8-0f5db0890234
http://sp-app01/my/personal/james,/my/personal/james,d3f711ae-1bf6-11e3-a0d8-0f5db0890234
http://sp-app01/my/personal/jamie,/my/personal/jamie,d48fc660-1bf6-11e3-a0d8-0f5db0890234
http://sp-app01/my/personal/jared,/my/personal/jared,d52872f2-1bf6-11e3-a0d8-0f5db0890234
http://sp-app01/my/personal/jason,/my/personal/jason,d5c14fae-1bf6-11e3-a0d8-0f5db0890234
http://sp-app01/my/personal/jean,/my/personal/jean,d65a2940-1bf6-11e3-a0d8-0f5db0890234
http://sp-app01/my/personal/jeff,/my/personal/jeff,d6f2d9e2-1bf6-11e3-a0d8-0f5db0890234
http://sp-app01/my/personal/jerry,/my/personal/jerry,d78bb220-1bf6-11e3-a0d8-0f5db0890234
http://sp-app01/my/personal/jess,/my/personal/jess,d824882e-1bf6-11e3-a0d8-0f5db0890234
http://sp-app01/my/personal/jessie,/my/personal/jessie,d8bd386c-1bf6-11e3-a0d8-0f5db0890234
http://sp-app01/my/personal/jim,/my/personal/jim,d95610aa-1bf6-11e3-a0d8-0f5db0890234
http://sp-app01/my/personal/joan,/my/personal/joan,d9eee690-1bf6-11e3-a0d8-0f5db0890234
http://sp-app01/my/personal/john,/my/personal/john,da8798ae-1bf6-11e3-a0d8-0f5db0890234
http://sp-app01/my/personal/jordan,/my/personal/jordan,db2070ba-1bf6-11e3-a0d8-0f5db0890234
http://sp-app01/my/personal/joshua,/my/personal/joshua,dbb948da-1bf6-11e3-a0d8-0f5db0890234
http://sp-app01/my/personal/julian,/my/personal/julian,dc51f8f0-1bf6-11e3-a0d8-0f5db0890234
http://sp-app01/my/personal/justin,/my/personal/justin,dcead0de-1bf6-11e3-a0d8-0f5db0890234
http://sp-app01/my/personal/karl,/my/personal/karl,dd83a822-1bf6-11e3-a0d8-0f5db0890234
http://sp-app01/my/personal/kasey,/my/personal/kasey,de1da4c2-1bf6-11e3-a0d8-0f5db0890234
http://sp-app01/my/personal/keith,/my/personal/keith,deb66a0e-1bf6-11e3-a0d8-0f5db0890234
http://sp-app01/my/personal/kelly,/my/personal/kelly,df4f41fc-1bf6-11e3-a0d8-0f5db0890234
http://sp-app01/my/personal/ken,/my/personal/ken,dfe7f1ea-1bf6-11e3-a0d8-0f5db0890234
http://sp-app01/my/personal/kerry,/my/personal/kerry,e080cb36-1bf6-11e3-a0d8-0f5db0890234
http://sp-app01/my/personal/kevin,/my/personal/kevin,e119a16c-1bf6-11e3-a0d8-0f5db0890234
http://sp-app01/my/personal/kieth,/my/personal/kieth,e1b25268-1bf6-11e3-a0d8-0f5db0890234
http://sp-app01/my/personal/kim,/my/personal/kim,e24b29d4-1bf6-11e3-a0d8-0f5db0890234
http://sp-app01/my/personal/kirk,/my/personal/kirk,e2e40226-1bf6-11e3-a0d8-0f5db0890234
http://sp-app01/my/personal/kurt,/my/personal/kurt,e37cb2dc-1bf6-11e3-a0d8-0f5db0890234
http://sp-app01/my/personal/kurtis,/my/personal/kurtis,e4158b06-1bf6-11e3-a0d8-0f5db0890234
http://sp-app01/my/personal/lamar,/my/personal/lamar,e4ae629a-1bf6-11e3-a0d8-0f5db0890234
http://sp-app01/my/personal/lamont,/my/personal/lamont,e547131e-1bf6-11e3-a0d8-0f5db0890234
http://sp-app01/my/personal/lance,/my/personal/lance,e5dfeada-1bf6-11e3-a0d8-0f5db0890234
http://sp-app01/my/personal/landon,/my/personal/landon,e678c3e0-1bf6-11e3-a0d8-0f5db0890234
http://sp-app01/my/personal/lane,/my/personal/lane,e71170b8-1bf6-11e3-a0d8-0f5db0890234
http://sp-app01/my/personal/larry,/my/personal/larry,e7aa4612-1bf6-11e3-a0d8-0f5db0890234
http://sp-app01/my/personal/lauren,/my/personal/lauren,e8432062-1bf6-11e3-a0d8-0f5db0890234
http://sp-app01/my/personal/lawrence,/my/personal/lawrence,e8dbd10e-1bf6-11e3-a0d8-0f5db0890234
http://sp-app01/my/personal/lee,/my/personal/lee,e97484bc-1bf6-11e3-a0d8-0f5db0890234
http://sp-app01/my/personal/leo,/my/personal/leo,ea0d59b2-1bf6-11e3-a0d8-0f5db0890234
http://sp-app01/my/personal/leon,/my/personal/leon,eaa60a68-1bf6-11e3-a0d8-0f5db0890234
http://sp-app01/my/personal/lesley,/my/personal/lesley,eb3ee274-1bf6-11e3-a0d8-0f5db0890234
http://sp-app01/my/personal/leslie,/my/personal/leslie,ebd7bc06-1bf6-11e3-a0d8-0f5db0890234
http://sp-app01/my/personal/lindsay,/my/personal/lindsay,ec706c3a-1bf6-11e3-a0d8-0f5db0890234
http://sp-app01/my/personal/lloyd,/my/personal/lloyd,ed093f00-1bf6-11e3-a0d8-0f5db0890234
http://sp-app01/my/personal/logan,/my/personal/logan,eda219c8-1bf6-11e3-a0d8-0f5db0890234
http://sp-app01/my/personal/lorenzo,/my/personal/lorenzo,ee3acce0-1bf6-11e3-a0d8-0f5db0890234
http://sp-app01/my/personal/louis,/my/personal/louis,eed39f56-1bf6-11e3-a0d8-0f5db0890234
http://sp-app01/my/personal/lucas,/my/personal/lucas,ef6c7c44-1bf6-11e3-a0d8-0f5db0890234
http://sp-app01/my/personal/luke,/my/personal/luke,f0054ed8-1bf6-11e3-a0d8-0f5db0890234
http://sp-app01/my/personal/lyle,/my/personal/lyle,f09e042a-1bf6-11e3-a0d8-0f5db0890234
http://sp-app01/my/personal/lyndon,/my/personal/lyndon,f136dc68-1bf6-11e3-a0d8-0f5db0890234
http://sp-app01/my/personal/lynn,/my/personal/lynn,f1cf91ec-1bf6-11e3-a0d8-0f5db0890234
http://sp-app01/my/personal/malcolm,/my/personal/malcolm,f2683d84-1bf6-11e3-a0d8-0f5db0890234
http://sp-app01/my/personal/marc,/my/personal/marc,f3011086-1bf6-11e3-a0d8-0f5db0890234
http://sp-app01/my/personal/marcelo,/my/personal/marcelo,f399c16e-1bf6-11e3-a0d8-0f5db0890234
http://sp-app01/my/personal/marco,/my/personal/marco,f432788c-1bf6-11e3-a0d8-0f5db0890234
http://sp-app01/my/personal/marcus,/my/personal/marcus,f4cb4f4e-1bf6-11e3-a0d8-0f5db0890234
http://sp-app01/my/personal/maria,/my/personal/maria,f5642714-1bf6-11e3-a0d8-0f5db0890234
http://sp-app01/my/personal/mario,/my/personal/mario,f5fcd766-1bf6-11e3-a0d8-0f5db0890234
http://sp-app01/my/personal/mark,/my/personal/mark,f695acca-1bf6-11e3-a0d8-0f5db0890234
http://sp-app01/my/personal/martin,/my/personal/martin,f7342c92-1bf6-11e3-a0d8-0f5db0890234
http://sp-app01/my/personal/marty,/my/personal/marty,f7ccddc0-1bf6-11e3-a0d8-0f5db0890234
http://sp-app01/my/personal/marvin,/my/personal/marvin,f865b48c-1bf6-11e3-a0d8-0f5db0890234
http://sp-app01/my/personal/mary,/my/personal/mary,f8fe65ce-1bf6-11e3-a0d8-0f5db0890234
http://sp-app01/my/personal/matthew,/my/personal/matthew,f9971710-1bf6-11e3-a0d8-0f5db0890234
http://sp-app01/my/personal/maxwell,/my/personal/maxwell,fa2fec1a-1bf6-11e3-a0d8-0f5db0890234
http://sp-app01/my/personal/maynard,/my/personal/maynard,fac89ce4-1bf6-11e3-a0d8-0f5db0890234
http://sp-app01/my/personal/melvin,/my/personal/melvin,fb614ffc-1bf6-11e3-a0d8-0f5db0890234
http://sp-app01/my/personal/michael,/my/personal/michael,fbfa2574-1bf6-11e3-a0d8-0f5db0890234
http://sp-app01/my/personal/mike,/my/personal/mike,fc92d5da-1bf6-11e3-a0d8-0f5db0890234
http://sp-app01/my/personal/miles,/my/personal/miles,fd2b88e8-1bf6-11e3-a0d8-0f5db0890234
http://sp-app01/my/personal/mitch,/my/personal/mitch,fdc46004-1bf6-11e3-a0d8-0f5db0890234
http://sp-app01/my/personal/monty,/my/personal/monty,fe5d1196-1bf6-11e3-a0d8-0f5db0890234
http://sp-app01/my/personal/moshe,/my/personal/moshe,fef5c238-1bf6-11e3-a0d8-0f5db0890234
http://sp-app01/my/personal/murray,/my/personal/murray,ff8e9a44-1bf6-11e3-a0d8-0f5db0890234
http://sp-app01/my/personal/myles,/my/personal/myles,00276f94-1bf7-11e3-a0d8-0f5db0890234
http://sp-app01/my/personal/nathan,/my/personal/nathan,00c01ffa-1bf7-11e3-a0d8-0f5db0890234
http://sp-app01/my/personal/neal,/my/personal/neal,0158fae0-1bf7-11e3-a0d8-0f5db0890234
http://sp-app01/my/personal/neil,/my/personal/neil,01f1cf9a-1bf7-11e3-a0d8-0f5db0890234
http://sp-app01/my/personal/neville,/my/personal/neville,028a86e0-1bf7-11e3-a0d8-0f5db0890234
http://sp-app01/my/personal/nick,/my/personal/nick,03235532-1bf7-11e3-a0d8-0f5db0890234
http://sp-app01/my/personal/noah,/my/personal/noah,03bc0bc4-1bf7-11e3-a0d8-0f5db0890234
http://sp-app01/my/personal/noel,/my/personal/noel,0454b63a-1bf7-11e3-a0d8-0f5db0890234
http://sp-app01/my/personal/norman,/my/personal/norman,04ed8de2-1bf7-11e3-a0d8-0f5db0890234
http://sp-app01/my/personal/oliver,/my/personal/oliver,058641c2-1bf7-11e3-a0d8-0f5db0890234
http://sp-app01/my/personal/omar,/my/personal/omar,061f0ae2-1bf7-11e3-a0d8-0f5db0890234
http://sp-app01/my/personal/otto,/my/personal/otto,06b7cd36-1bf7-11e3-a0d8-0f5db0890234
http://sp-app01/my/personal/owen,/my/personal/owen,0750a1fa-1bf7-11e3-a0d8-0f5db0890234
http://sp-app01/my/personal/patricia,/my/personal/patricia,07e94f0e-1bf7-11e3-a0d8-0f5db0890234
http://sp-app01/my/personal/patrick,/my/personal/patrick,08822c74-1bf7-11e3-a0d8-0f5db0890234
http://sp-app01/my/personal/paul,/my/personal/paul,091b0462-1bf7-11e3-a0d8-0f5db0890234
http://sp-app01/my/personal/perry,/my/personal/perry,09b3b522-1bf7-11e3-a0d8-0f5db0890234
http://sp-app01/my/personal/pete,/my/personal/pete,0a4c8b58-1bf7-11e3-a0d8-0f5db0890234
http://sp-app01/my/personal/phil,/my/personal/phil,0ae564ae-1bf7-11e3-a0d8-0f5db0890234
http://sp-app01/my/personal/quincy,/my/personal/quincy,0b7e147e-1bf7-11e3-a0d8-0f5db0890234
http://sp-app01/my/personal/ralph,/my/personal/ralph,0c16d876-1bf7-11e3-a0d8-0f5db0890234
http://sp-app01/my/personal/randall,/my/personal/randall,0caf9dea-1bf7-11e3-a0d8-0f5db0890234
http://sp-app01/my/personal/raul,/my/personal/raul,0d484dc4-1bf7-11e3-a0d8-0f5db0890234
http://sp-app01/my/personal/ray,/my/personal/ray,0de12544-1bf7-11e3-a0d8-0f5db0890234
http://sp-app01/my/personal/reggie,/my/personal/reggie,0e79fea4-1bf7-11e3-a0d8-0f5db0890234
http://sp-app01/my/personal/rene,/my/personal/rene,0f12b28e-1bf7-11e3-a0d8-0f5db0890234
http://sp-app01/my/personal/richard,/my/personal/richard,0fab8612-1bf7-11e3-a0d8-0f5db0890234
http://sp-app01/my/personal/robert,/my/personal/robert,10445e50-1bf7-11e3-a0d8-0f5db0890234
http://sp-app01/my/personal/robin,/my/personal/robin,10dd0eca-1bf7-11e3-a0d8-0f5db0890234
http://sp-app01/my/personal/roger,/my/personal/roger,1175e64a-1bf7-11e3-a0d8-0f5db0890234
http://sp-app01/my/personal/roman,/my/personal/roman,120f1c0c-1bf7-11e3-a0d8-0f5db0890234
http://sp-app01/my/personal/ron,/my/personal/ron,12a7de9c-1bf7-11e3-a0d8-0f5db0890234
http://sp-app01/my/personal/rory,/my/personal/rory,1340b63a-1bf7-11e3-a0d8-0f5db0890234
http://sp-app01/my/personal/ross,/my/personal/ross,13d990b2-1bf7-11e3-a0d8-0f5db0890234
http://sp-app01/my/personal/roy,/my/personal/roy,147241a4-1bf7-11e3-a0d8-0f5db0890234
http://sp-app01/my/personal/rupert,/my/personal/rupert,150b1b68-1bf7-11e3-a0d8-0f5db0890234
http://sp-app01/my/personal/ryan,/my/personal/ryan,15a3f13a-1bf7-11e3-a0d8-0f5db0890234
http://sp-app01/my/personal/sal,/my/personal/sal,163ca3f8-1bf7-11e3-a0d8-0f5db0890234
http://sp-app01/my/personal/sam,/my/personal/sam,16d583c0-1bf7-11e3-a0d8-0f5db0890234
http://sp-app01/my/personal/sandy,/my/personal/sandy,176f1ac6-1bf7-11e3-a0d8-0f5db0890234
http://sp-app01/my/personal/scott,/my/personal/scott,1807c7a8-1bf7-11e3-a0d8-0f5db0890234
http://sp-app01/my/personal/sean,/my/personal/sean,18a099f6-1bf7-11e3-a0d8-0f5db0890234
http://sp-app01/my/personal/sebastian,/my/personal/sebastian,1939782e-1bf7-11e3-a0d8-0f5db0890234
http://sp-app01/my/personal/shannon,/my/personal/shannon,19d24996-1bf7-11e3-a0d8-0f5db0890234
http://sp-app01/my/personal/shaun,/my/personal/shaun,1a6b27b0-1bf7-11e3-a0d8-0f5db0890234
http://sp-app01/my/personal/shayne,/my/personal/shayne,1b03fc10-1bf7-11e3-a0d8-0f5db0890234
http://sp-app01/my/personal/sheldon,/my/personal/sheldon,1b9caece-1bf7-11e3-a0d8-0f5db0890234
http://sp-app01/my/personal/sidney,/my/personal/sidney,1c358630-1bf7-11e3-a0d8-0f5db0890234
http://sp-app01/my/personal/simon,/my/personal/simon,1cce5ebe-1bf7-11e3-a0d8-0f5db0890234
http://sp-app01/my/personal/stacy,/my/personal/stacy,1d670f88-1bf7-11e3-a0d8-0f5db0890234
http://sp-app01/my/personal/stefan,/my/personal/stefan,1dffc02a-1bf7-11e3-a0d8-0f5db0890234
http://sp-app01/my/personal/stephan,/my/personal/stephan,1e989822-1bf7-11e3-a0d8-0f5db0890234
http://sp-app01/my/personal/steven,/my/personal/steven,1f3148ba-1bf7-11e3-a0d8-0f5db0890234
http://sp-app01/my/personal/stuart,/my/personal/stuart,1fc9f98e-1bf7-11e3-a0d8-0f5db0890234
http://sp-app01/my/personal/terrence,/my/personal/terrence,2062cb82-1bf7-11e3-a0d8-0f5db0890234
http://sp-app01/my/personal/terry,/my/personal/terry,20fb7f3a-1bf7-11e3-a0d8-0f5db0890234
http://sp-app01/my/personal/thad,/my/personal/thad,219457be-1bf7-11e3-a0d8-0f5db0890234
http://sp-app01/my/personal/thomas,/my/personal/thomas,222d2b92-1bf7-11e3-a0d8-0f5db0890234
http://sp-app01/my/personal/tim,/my/personal/tim,22c5dc3e-1bf7-11e3-a0d8-0f5db0890234
http://sp-app01/my/personal/tom,/my/personal/tom,235eb724-1bf7-11e3-a0d8-0f5db0890234
http://sp-app01/my/personal/tony,/my/personal/tony,23f79174-1bf7-11e3-a0d8-0f5db0890234
http://sp-app01/my/personal/tracy,/my/personal/tracy,24903c80-1bf7-11e3-a0d8-0f5db0890234
http://sp-app01/my/personal/travis,/my/personal/travis,2528f2ea-1bf7-11e3-a0d8-0f5db0890234
http://sp-app01/my/personal/trent,/my/personal/trent,25c1cace-1bf7-11e3-a0d8-0f5db0890234
http://sp-app01/my/personal/trevor,/my/personal/trevor,265a7b3e-1bf7-11e3-a0d8-0f5db0890234
http://sp-app01/my/personal/tristan,/my/personal/tristan,26f35070-1bf7-11e3-a0d8-0f5db0890234
http://sp-app01/my/personal/tyler,/my/personal/tyler,278c2ab6-1bf7-11e3-a0d8-0f5db0890234
http://sp-app01/my/personal/tyrone,/my/personal/tyrone,2824dc0c-1bf7-11e3-a0d8-0f5db0890234
http://sp-app01/my/personal/vance,/my/personal/vance,28bdad6a-1bf7-11e3-a0d8-0f5db0890234
http://sp-app01/my/personal/vaughn,/my/personal/vaughn,29568be8-1bf7-11e3-a0d8-0f5db0890234
http://sp-app01/my/personal/vernon,/my/personal/vernon,29ef621e-1bf7-11e3-a0d8-0f5db0890234
http://sp-app01/my/personal/vincent,/my/personal/vincent,2a88137e-1bf7-11e3-a0d8-0f5db0890234
http://sp-app01/my/personal/wade,/my/personal/wade,2b20e8ce-1bf7-11e3-a0d8-0f5db0890234
http://sp-app01/my/personal/warren,/my/personal/warren,2bb9c382-1bf7-11e3-a0d8-0f5db0890234
http://sp-app01/my/personal/wayne,/my/personal/wayne,2c529832-1bf7-11e3-a0d8-0f5db0890234
http://sp-app01/my/personal/wesley,/my/personal/wesley,2ceb72aa-1bf7-11e3-a0d8-0f5db0890234
http://sp-app01/my/personal/whitney,/my/personal/whitney,2d842374-1bf7-11e3-a0d8-0f5db0890234
http://sp-app01/my/personal/will,/my/personal/will,2e1d4388-1bf7-11e3-a0d8-0f5db0890234
http://sp-app01/my/personal/wilson,/my/personal/wilson,2eb61e8c-1bf7-11e3-a0d8-0f5db0890234
http://sp-app01/my/personal/winston,/my/personal/winston,2f4ed1cc-1bf7-11e3-a0d8-0f5db0890234
http://sp-app01/my/personal/wyatt,/my/personal/wyatt,2fe77fa8-1bf7-11e3-a0d8-0f5db0890234
http://sp-app01/my/personal/xavier,/my/personal/xavier,30805818-1bf7-11e3-a0d8-0f5db0890234
http://sp-app01/my/personal/zachary,/my/personal/zachary,31190810-1bf7-11e3-a0d8-0f5db0890234
http://sp-app01/my/personal/zane,/my/personal/zane,31b1bc4a-1bf7-11e3-a0d8-0f5db0890234
