http://sp-app01/sites/dev,/sites/dev,f823f816-8106-4a11-a352-4f755894ba6c,9d634186-1c9a-11e3-a298-fc0fb1890234,"Accessibility and 508 compliance.docx",docx,31968
http://sp-app01/sites/dev,/sites/dev,f823f816-8106-4a11-a352-4f755894ba6c,9dfc039e-1c9a-11e3-a298-fc0fb1890234,"Clustering.docx",docx,21724
http://sp-app01/sites/dev,/sites/dev,f823f816-8106-4a11-a352-4f755894ba6c,9e94af2c-1c9a-11e3-a298-fc0fb1890234,"Admon PRD.docx",docx,13765
http://sp-app01/sites/dev,/sites/dev,f823f816-8106-4a11-a352-4f755894ba6c,9f2d6514-1c9a-11e3-a298-fc0fb1890234,"Admon rework.docx",docx,23592
http://sp-app01/sites/dev,/sites/dev,f823f816-8106-4a11-a352-4f755894ba6c,9fc63d7a-1c9a-11e3-a298-fc0fb1890234,"Application Framework ERD.docx",docx,30530
http://sp-app01/sites/dev,/sites/dev,f823f816-8106-4a11-a352-4f755894ba6c,a05f2c88-1c9a-11e3-a298-fc0fb1890234,"Application Framework Integration ERD.docx",docx,16974
http://sp-app01/sites/dev,/sites/dev,f823f816-8106-4a11-a352-4f755894ba6c,a0f7e9e6-1c9a-11e3-a298-fc0fb1890234,"Backbone Validation.docx",docx,17431
http://sp-app01/sites/dev,/sites/dev,f823f816-8106-4a11-a352-4f755894ba6c,a190c1e8-1c9a-11e3-a298-fc0fb1890234,"Bootstrap and less.docx",docx,11815
http://sp-app01/sites/dev,/sites/dev,f823f816-8106-4a11-a352-4f755894ba6c,a2297032-1c9a-11e3-a298-fc0fb1890234,"Browsers Supported in Bubbles.docx",docx,21204
http://sp-app01/sites/dev,/sites/dev,f823f816-8106-4a11-a352-4f755894ba6c,a2c222d2-1c9a-11e3-a298-fc0fb1890234,"App Migration.docx",docx,11657
http://sp-app01/sites/dev,/sites/dev,f823f816-8106-4a11-a352-4f755894ba6c,a35af7b4-1c9a-11e3-a298-fc0fb1890234,"Apps.xlsx",xlsx,13747
http://sp-app01/sites/dev,/sites/dev,f823f816-8106-4a11-a352-4f755894ba6c,a3f3d1a0-1c9a-11e3-a298-fc0fb1890234,"Beta Program Details.docx",docx,16332
http://sp-app01/sites/dev,/sites/dev,f823f816-8106-4a11-a352-4f755894ba6c,a48c860c-1c9a-11e3-a298-fc0fb1890234,"Branching Plan.mpx",mpx,22665
http://sp-app01/sites/dev,/sites/dev,f823f816-8106-4a11-a352-4f755894ba6c,a5255d50-1c9a-11e3-a298-fc0fb1890234,"Browser Printing.docx",docx,33340
http://sp-app01/sites/dev,/sites/dev,f823f816-8106-4a11-a352-4f755894ba6c,a5be378c-1c9a-11e3-a298-fc0fb1890234,"Clustering Doc Plan.mpx",mpx,28090
http://sp-app01/sites/dev,/sites/dev,f823f816-8106-4a11-a352-4f755894ba6c,a656e1e4-1c9a-11e3-a298-fc0fb1890234,"Customizable Time Picker.docx",docx,16788
http://sp-app01/sites/dev,/sites/dev,f823f816-8106-4a11-a352-4f755894ba6c,a6efbcd4-1c9a-11e3-a298-fc0fb1890234,"DataModel.docx",docx,32757
http://sp-app01/sites/dev,/sites/dev,f823f816-8106-4a11-a352-4f755894ba6c,a78895e4-1c9a-11e3-a298-fc0fb1890234,"Demo App.docx",docx,29134
http://sp-app01/sites/dev,/sites/dev,f823f816-8106-4a11-a352-4f755894ba6c,a821462c-1c9a-11e3-a298-fc0fb1890234,"Deployment Client Filters.docx",docx,27379
http://sp-app01/sites/dev,/sites/dev,f823f816-8106-4a11-a352-4f755894ba6c,a8ba1da2-1c9a-11e3-a298-fc0fb1890234,"Deployment REST API.docx",docx,30884
http://sp-app01/sites/dev,/sites/dev,f823f816-8106-4a11-a352-4f755894ba6c,a952f02c-1c9a-11e3-a298-fc0fb1890234,"Deployment Server.docx",docx,22843
http://sp-app01/sites/dev,/sites/dev,f823f816-8106-4a11-a352-4f755894ba6c,a9eba4ac-1c9a-11e3-a298-fc0fb1890234,"Deprecated Features.docx",docx,24532
http://sp-app01/sites/dev,/sites/dev,f823f816-8106-4a11-a352-4f755894ba6c,aa847cd6-1c9a-11e3-a298-fc0fb1890234,"Doc Plan.mpx",mpx,11120
http://sp-app01/sites/dev,/sites/dev,f823f816-8106-4a11-a352-4f755894ba6c,ab1d5348-1c9a-11e3-a298-fc0fb1890234,"Document Awareness.docx",docx,10340
http://sp-app01/sites/dev,/sites/dev,f823f816-8106-4a11-a352-4f755894ba6c,abb60502-1c9a-11e3-a298-fc0fb1890234,"Feature Previews.docx",docx,26733
http://sp-app01/sites/dev,/sites/dev,f823f816-8106-4a11-a352-4f755894ba6c,ac4ed8cc-1c9a-11e3-a298-fc0fb1890234,"Field Explorations.docx",docx,28865
http://sp-app01/sites/dev,/sites/dev,f823f816-8106-4a11-a352-4f755894ba6c,ace78c2a-1c9a-11e3-a298-fc0fb1890234,"Form Validation.docx",docx,16494
http://sp-app01/sites/dev,/sites/dev,f823f816-8106-4a11-a352-4f755894ba6c,ad803f92-1c9a-11e3-a298-fc0fb1890234,"Home Page.docx",docx,19098
http://sp-app01/sites/dev,/sites/dev,f823f816-8106-4a11-a352-4f755894ba6c,ae19176c-1c9a-11e3-a298-fc0fb1890234,"Home-GtSt.docx",docx,29170
http://sp-app01/sites/dev,/sites/dev,f823f816-8106-4a11-a352-4f755894ba6c,aeb1eec4-1c9a-11e3-a298-fc0fb1890234,"i18n.docx",docx,29019
http://sp-app01/sites/dev,/sites/dev,f823f816-8106-4a11-a352-4f755894ba6c,af4a9a48-1c9a-11e3-a298-fc0fb1890234,"Job Controls.docx",docx,17204
http://sp-app01/sites/dev,/sites/dev,f823f816-8106-4a11-a352-4f755894ba6c,afe3779a-1c9a-11e3-a298-fc0fb1890234,"Job Menu Options.docx",docx,14069
http://sp-app01/sites/dev,/sites/dev,f823f816-8106-4a11-a352-4f755894ba6c,b07c51c2-1c9a-11e3-a298-fc0fb1890234,"Job Status.docx",docx,12111
http://sp-app01/sites/dev,/sites/dev,f823f816-8106-4a11-a352-4f755894ba6c,b1150016-1c9a-11e3-a298-fc0fb1890234,"Login.docx",docx,33014
http://sp-app01/sites/dev,/sites/dev,f823f816-8106-4a11-a352-4f755894ba6c,b1add55c-1c9a-11e3-a298-fc0fb1890234,"Migration.docx",docx,33477
http://sp-app01/sites/dev,/sites/dev,f823f816-8106-4a11-a352-4f755894ba6c,b246aa7a-1c9a-11e3-a298-fc0fb1890234,"More Info States.docx",docx,30731
http://sp-app01/sites/dev,/sites/dev,f823f816-8106-4a11-a352-4f755894ba6c,b2df5f72-1c9a-11e3-a298-fc0fb1890234,"Nav XML.docx",docx,23739
http://sp-app01/sites/dev,/sites/dev,f823f816-8106-4a11-a352-4f755894ba6c,b37838a0-1c9a-11e3-a298-fc0fb1890234,"Notification Options.docx",docx,32068
http://sp-app01/sites/dev,/sites/dev,f823f816-8106-4a11-a352-4f755894ba6c,b4110f12-1c9a-11e3-a298-fc0fb1890234,"Packaging and Migration.docx",docx,27322
http://sp-app01/sites/dev,/sites/dev,f823f816-8106-4a11-a352-4f755894ba6c,b4a9bad2-1c9a-11e3-a298-fc0fb1890234,"Pivizzle Navigation.docx",docx,18036
http://sp-app01/sites/dev,/sites/dev,f823f816-8106-4a11-a352-4f755894ba6c,b54292de-1c9a-11e3-a298-fc0fb1890234,"Report Permalink Layering.docx",docx,33865
http://sp-app01/sites/dev,/sites/dev,f823f816-8106-4a11-a352-4f755894ba6c,b5db6f40-1c9a-11e3-a298-fc0fb1890234,"Results Table.docx",docx,34724
http://sp-app01/sites/dev,/sites/dev,f823f816-8106-4a11-a352-4f755894ba6c,b6742082-1c9a-11e3-a298-fc0fb1890234,"SavedSearch Fields.xlsx",xlsx,18611
http://sp-app01/sites/dev,/sites/dev,f823f816-8106-4a11-a352-4f755894ba6c,b70cf672-1c9a-11e3-a298-fc0fb1890234,"System IA.docx",docx,16057
http://sp-app01/sites/dev,/sites/dev,f823f816-8106-4a11-a352-4f755894ba6c,b7a5d040-1c9a-11e3-a298-fc0fb1890234,"System Menu.docx",docx,33542
http://sp-app01/sites/dev,/sites/dev,f823f816-8106-4a11-a352-4f755894ba6c,b83e7b60-1c9a-11e3-a298-fc0fb1890234,"Table Behaviors.docx",docx,31045
http://sp-app01/sites/dev,/sites/dev,f823f816-8106-4a11-a352-4f755894ba6c,b8d75902-1c9a-11e3-a298-fc0fb1890234,"Terminology.xlsx",xlsx,27330
http://sp-app01/sites/dev,/sites/dev,f823f816-8106-4a11-a352-4f755894ba6c,b9702dda-1c9a-11e3-a298-fc0fb1890234,"Time Sorting.docx",docx,13480
http://sp-app01/sites/dev,/sites/dev,f823f816-8106-4a11-a352-4f755894ba6c,ba08db48-1c9a-11e3-a298-fc0fb1890234,"URL Layering.docx",docx,25150
http://sp-app01/sites/dev,/sites/dev,f823f816-8106-4a11-a352-4f755894ba6c,baa193a6-1c9a-11e3-a298-fc0fb1890234,"USSR.docx",docx,16800
http://sp-app01/sites/dev,/sites/dev,f823f816-8106-4a11-a352-4f755894ba6c,bb3a67a2-1c9a-11e3-a298-fc0fb1890234,"Viewstate Migration.docx",docx,27681
http://sp-app01/sites/dev,/sites/dev,f823f816-8106-4a11-a352-4f755894ba6c,bbd31876-1c9a-11e3-a298-fc0fb1890234,"Dashboard and Alert workflows.pptx",pptx,20164
http://sp-app01/sites/dev,/sites/dev,f823f816-8106-4a11-a352-4f755894ba6c,bc6bef42-1c9a-11e3-a298-fc0fb1890234,"Intentions.docx",docx,32895
http://sp-app01/sites/dev,/sites/dev,f823f816-8106-4a11-a352-4f755894ba6c,bd04c92e-1c9a-11e3-a298-fc0fb1890234,"Keyboard Shortcuts.xlsx",xlsx,32952
http://sp-app01/sites/dev,/sites/dev,f823f816-8106-4a11-a352-4f755894ba6c,bd9d7930-1c9a-11e3-a298-fc0fb1890234,"Table Command Alternatives.docx",docx,22881
http://sp-app01/sites/dev,/sites/dev,f823f816-8106-4a11-a352-4f755894ba6c,be364c6e-1c9a-11e3-a298-fc0fb1890234,"Top Reports in Pivot.docx",docx,31336
http://sp-app01/sites/dev,/sites/dev,f823f816-8106-4a11-a352-4f755894ba6c,becf2740-1c9a-11e3-a298-fc0fb1890234,"BubblesPDFWork.docx",docx,26683
http://sp-app01/sites/dev,/sites/dev,f823f816-8106-4a11-a352-4f755894ba6c,bf67da26-1c9a-11e3-a298-fc0fb1890234,"Bucket Freezing Control.docx",docx,34732
http://sp-app01/sites/dev,/sites/dev,f823f816-8106-4a11-a352-4f755894ba6c,c000b066-1c9a-11e3-a298-fc0fb1890234,"Charting Overlay ERD.docx",docx,34310
http://sp-app01/sites/dev,/sites/dev,f823f816-8106-4a11-a352-4f755894ba6c,c09989c6-1c9a-11e3-a298-fc0fb1890234,"Clustering PRD.docx",docx,17535
http://sp-app01/sites/dev,/sites/dev,f823f816-8106-4a11-a352-4f755894ba6c,c13234fa-1c9a-11e3-a298-fc0fb1890234,"Clustering tsidx Replication.docx",docx,18184
http://sp-app01/sites/dev,/sites/dev,f823f816-8106-4a11-a352-4f755894ba6c,c1caea88-1c9a-11e3-a298-fc0fb1890234,"ClusteringUI Screenflow.pptx",pptx,27596
http://sp-app01/sites/dev,/sites/dev,f823f816-8106-4a11-a352-4f755894ba6c,c263bda8-1c9a-11e3-a298-fc0fb1890234,"Cold path support.docx",docx,31236
http://sp-app01/sites/dev,/sites/dev,f823f816-8106-4a11-a352-4f755894ba6c,c2fc73f4-1c9a-11e3-a298-fc0fb1890234,"Core UI Controls App Framework Integration ERD.docx",docx,12718
http://sp-app01/sites/dev,/sites/dev,f823f816-8106-4a11-a352-4f755894ba6c,c39548ea-1c9a-11e3-a298-fc0fb1890234,"CSV And More PRD.docx",docx,26002
http://sp-app01/sites/dev,/sites/dev,f823f816-8106-4a11-a352-4f755894ba6c,c42e1e12-1c9a-11e3-a298-fc0fb1890234,"CSV: Issues and implementation details.docx",docx,31588
http://sp-app01/sites/dev,/sites/dev,f823f816-8106-4a11-a352-4f755894ba6c,c4c6d3be-1c9a-11e3-a298-fc0fb1890234,"Dashboard Customization PRD.docx",docx,17848
http://sp-app01/sites/dev,/sites/dev,f823f816-8106-4a11-a352-4f755894ba6c,c55f84a6-1c9a-11e3-a298-fc0fb1890234,"Data Binding Mixin.docx",docx,28334
http://sp-app01/sites/dev,/sites/dev,f823f816-8106-4a11-a352-4f755894ba6c,c5f85c6c-1c9a-11e3-a298-fc0fb1890234,"Data Cubes PRD.docx",docx,13229
http://sp-app01/sites/dev,/sites/dev,f823f816-8106-4a11-a352-4f755894ba6c,c6910cfa-1c9a-11e3-a298-fc0fb1890234,"Data model.docx",docx,11091
http://sp-app01/sites/dev,/sites/dev,f823f816-8106-4a11-a352-4f755894ba6c,c729df52-1c9a-11e3-a298-fc0fb1890234,"Data Model.docx",docx,32899
http://sp-app01/sites/dev,/sites/dev,f823f816-8106-4a11-a352-4f755894ba6c,c7c2baec-1c9a-11e3-a298-fc0fb1890234,"Data Model - Builder/Editor.docx",docx,33840
http://sp-app01/sites/dev,/sites/dev,f823f816-8106-4a11-a352-4f755894ba6c,c85b6bca-1c9a-11e3-a298-fc0fb1890234,"Data Model - Pivot Builder.docx",docx,29898
http://sp-app01/sites/dev,/sites/dev,f823f816-8106-4a11-a352-4f755894ba6c,c8f41e7e-1c9a-11e3-a298-fc0fb1890234,"Data Model JSON Specification.docx",docx,27753
http://sp-app01/sites/dev,/sites/dev,f823f816-8106-4a11-a352-4f755894ba6c,c98cf50e-1c9a-11e3-a298-fc0fb1890234,"Data Model PRD.docx",docx,30379
http://sp-app01/sites/dev,/sites/dev,f823f816-8106-4a11-a352-4f755894ba6c,ca25a0b0-1c9a-11e3-a298-fc0fb1890234,"Data Model Search Commands.docx",docx,13873
http://sp-app01/sites/dev,/sites/dev,f823f816-8106-4a11-a352-4f755894ba6c,cabe5684-1c9a-11e3-a298-fc0fb1890234,"Data Object Model Creation and Reporting PRD.docx",docx,13669
http://sp-app01/sites/dev,/sites/dev,f823f816-8106-4a11-a352-4f755894ba6c,cb572e7c-1c9a-11e3-a298-fc0fb1890234,"DatamodelAcceleration.docx",docx,10187
http://sp-app01/sites/dev,/sites/dev,f823f816-8106-4a11-a352-4f755894ba6c,cbefde92-1c9a-11e3-a298-fc0fb1890234,"Distributed Deployment Reorg.docx",docx,16370
http://sp-app01/sites/dev,/sites/dev,f823f816-8106-4a11-a352-4f755894ba6c,cc888f2a-1c9a-11e3-a298-fc0fb1890234,"Distributed Forwarder Management PRD.docx",docx,29936
http://sp-app01/sites/dev,/sites/dev,f823f816-8106-4a11-a352-4f755894ba6c,cd21622c-1c9a-11e3-a298-fc0fb1890234,"DNS file tailing.docx",docx,29209
http://sp-app01/sites/dev,/sites/dev,f823f816-8106-4a11-a352-4f755894ba6c,cdba17d8-1c9a-11e3-a298-fc0fb1890234,"DNS file tailing modinput prd.docx",docx,10921
http://sp-app01/sites/dev,/sites/dev,f823f816-8106-4a11-a352-4f755894ba6c,ce52c884-1c9a-11e3-a298-fc0fb1890234,"Document Storage.docx",docx,10547
http://sp-app01/sites/dev,/sites/dev,f823f816-8106-4a11-a352-4f755894ba6c,ceeba054-1c9a-11e3-a298-fc0fb1890234,"Document Storage And URL Management ERD.docx",docx,18107
http://sp-app01/sites/dev,/sites/dev,f823f816-8106-4a11-a352-4f755894ba6c,cf8450c4-1c9a-11e3-a298-fc0fb1890234,"DS DC Communication and Control Flows.docx",docx,26553
http://sp-app01/sites/dev,/sites/dev,f823f816-8106-4a11-a352-4f755894ba6c,d01d23d0-1c9a-11e3-a298-fc0fb1890234,"ERD REST Volume Interface.docx",docx,28253
http://sp-app01/sites/dev,/sites/dev,f823f816-8106-4a11-a352-4f755894ba6c,d0b60096-1c9a-11e3-a298-fc0fb1890234,"Evtviewer modinput prd.docx",docx,28472
http://sp-app01/sites/dev,/sites/dev,f823f816-8106-4a11-a352-4f755894ba6c,d14eb17e-1c9a-11e3-a298-fc0fb1890234,"FileAccessMonitor ERD.docx",docx,10641
http://sp-app01/sites/dev,/sites/dev,f823f816-8106-4a11-a352-4f755894ba6c,d1e75fbe-1c9a-11e3-a298-fc0fb1890234,"Forwarder Management.docx",docx,21077
http://sp-app01/sites/dev,/sites/dev,f823f816-8106-4a11-a352-4f755894ba6c,d280359a-1c9a-11e3-a298-fc0fb1890234,"Forwarder Management Doc Plan.docx",docx,16222
http://sp-app01/sites/dev,/sites/dev,f823f816-8106-4a11-a352-4f755894ba6c,d318e736-1c9a-11e3-a298-fc0fb1890234,"Forwarder Management Test Plan.docx",docx,27453
http://sp-app01/sites/dev,/sites/dev,f823f816-8106-4a11-a352-4f755894ba6c,d3b19ac6-1c9a-11e3-a298-fc0fb1890234,"FSChange erd.docx",docx,29652
http://sp-app01/sites/dev,/sites/dev,f823f816-8106-4a11-a352-4f755894ba6c,d44a72e6-1c9a-11e3-a298-fc0fb1890234,"Geoviz Marker Map.docx",docx,31761
http://sp-app01/sites/dev,/sites/dev,f823f816-8106-4a11-a352-4f755894ba6c,d4e323d8-1c9a-11e3-a298-fc0fb1890234,"GeoViz PRD.docx",docx,23617
http://sp-app01/sites/dev,/sites/dev,f823f816-8106-4a11-a352-4f755894ba6c,d57bd4ac-1c9a-11e3-a298-fc0fb1890234,"Hadoop Search PRD.docx",docx,25911
http://sp-app01/sites/dev,/sites/dev,f823f816-8106-4a11-a352-4f755894ba6c,d614a6b4-1c9a-11e3-a298-fc0fb1890234,"Hadoop Virtual Index.docx",docx,32916
http://sp-app01/sites/dev,/sites/dev,f823f816-8106-4a11-a352-4f755894ba6c,d6ad8a14-1c9a-11e3-a298-fc0fb1890234,"Help Design Pattern.docx",docx,19965
http://sp-app01/sites/dev,/sites/dev,f823f816-8106-4a11-a352-4f755894ba6c,d74633f4-1c9a-11e3-a298-fc0fb1890234,"Home ERD.docx",docx,32889
http://sp-app01/sites/dev,/sites/dev,f823f816-8106-4a11-a352-4f755894ba6c,d7df09ee-1c9a-11e3-a298-fc0fb1890234,"Home Getting Started Test Plan.docx",docx,19839
http://sp-app01/sites/dev,/sites/dev,f823f816-8106-4a11-a352-4f755894ba6c,d877b7a2-1c9a-11e3-a298-fc0fb1890234,"Home PRD.docx",docx,34733
http://sp-app01/sites/dev,/sites/dev,f823f816-8106-4a11-a352-4f755894ba6c,d910686c-1c9a-11e3-a298-fc0fb1890234,"HTML Views Beta.docx",docx,34974
http://sp-app01/sites/dev,/sites/dev,f823f816-8106-4a11-a352-4f755894ba6c,d9a9432a-1c9a-11e3-a298-fc0fb1890234,"HTTP update.docx",docx,15370
http://sp-app01/sites/dev,/sites/dev,f823f816-8106-4a11-a352-4f755894ba6c,da41f4f8-1c9a-11e3-a298-fc0fb1890234,"IndexedCSV.docx",docx,10697
http://sp-app01/sites/dev,/sites/dev,f823f816-8106-4a11-a352-4f755894ba6c,dadaa612-1c9a-11e3-a298-fc0fb1890234,"IntentionsParserEndpoint.docx",docx,22069
http://sp-app01/sites/dev,/sites/dev,f823f816-8106-4a11-a352-4f755894ba6c,db737e14-1c9a-11e3-a298-fc0fb1890234,"JavaScript Client Application.docx",docx,14988
http://sp-app01/sites/dev,/sites/dev,f823f816-8106-4a11-a352-4f755894ba6c,dc0c29d4-1c9a-11e3-a298-fc0fb1890234,"JavaScript Dependency Management.docx",docx,27391
http://sp-app01/sites/dev,/sites/dev,f823f816-8106-4a11-a352-4f755894ba6c,dca4df6c-1c9a-11e3-a298-fc0fb1890234,"Javascript Directory Structure and File Names.docx",docx,19142
http://sp-app01/sites/dev,/sites/dev,f823f816-8106-4a11-a352-4f755894ba6c,dd3db7aa-1c9a-11e3-a298-fc0fb1890234,"JSChart Bubbles.docx",docx,15670
http://sp-app01/sites/dev,/sites/dev,f823f816-8106-4a11-a352-4f755894ba6c,ddd68eee-1c9a-11e3-a298-fc0fb1890234,"Master Blaster.docx",docx,22631
http://sp-app01/sites/dev,/sites/dev,f823f816-8106-4a11-a352-4f755894ba6c,de6f4382-1c9a-11e3-a298-fc0fb1890234,"Mini-ERD Treatment of Mixcase Index Names.docx",docx,15645
http://sp-app01/sites/dev,/sites/dev,f823f816-8106-4a11-a352-4f755894ba6c,df0812ce-1c9a-11e3-a298-fc0fb1890234,"Modular Inputs.docx",docx,23046
http://sp-app01/sites/dev,/sites/dev,f823f816-8106-4a11-a352-4f755894ba6c,dfa0efd0-1c9a-11e3-a298-fc0fb1890234,"Native SQL Support PRD.docx",docx,31625
http://sp-app01/sites/dev,/sites/dev,f823f816-8106-4a11-a352-4f755894ba6c,e039a068-1c9a-11e3-a298-fc0fb1890234,"Pivot Chart Builder.docx",docx,17579
http://sp-app01/sites/dev,/sites/dev,f823f816-8106-4a11-a352-4f755894ba6c,e0d2781a-1c9a-11e3-a298-fc0fb1890234,"Pivot Report JSON Specification.docx",docx,33550
http://sp-app01/sites/dev,/sites/dev,f823f816-8106-4a11-a352-4f755894ba6c,e16b4ec8-1c9a-11e3-a298-fc0fb1890234,"Pivot Scatter Options.docx",docx,34756
http://sp-app01/sites/dev,/sites/dev,f823f816-8106-4a11-a352-4f755894ba6c,e203fba0-1c9a-11e3-a298-fc0fb1890234,"Pivot Table Builder.docx",docx,22019
http://sp-app01/sites/dev,/sites/dev,f823f816-8106-4a11-a352-4f755894ba6c,e29cd7a8-1c9a-11e3-a298-fc0fb1890234,"Predictive Analytics PRD.docx",docx,17766
http://sp-app01/sites/dev,/sites/dev,f823f816-8106-4a11-a352-4f755894ba6c,e335adfc-1c9a-11e3-a298-fc0fb1890234,"PreviewNext PRD.docx",docx,10889
http://sp-app01/sites/dev,/sites/dev,f823f816-8106-4a11-a352-4f755894ba6c,e3ce6128-1c9a-11e3-a298-fc0fb1890234,"Prioritize Fixup Jobs ERD.docx",docx,10197
http://sp-app01/sites/dev,/sites/dev,f823f816-8106-4a11-a352-4f755894ba6c,e4673894-1c9a-11e3-a298-fc0fb1890234,"Products and Packages Bubbles.docx",docx,33816
http://sp-app01/sites/dev,/sites/dev,f823f816-8106-4a11-a352-4f755894ba6c,e5000b1e-1c9a-11e3-a298-fc0fb1890234,"QUnit.docx",docx,15103
http://sp-app01/sites/dev,/sites/dev,f823f816-8106-4a11-a352-4f755894ba6c,e598be7c-1c9a-11e3-a298-fc0fb1890234,"Regmon-Refactoring-ERD.docx",docx,27739
http://sp-app01/sites/dev,/sites/dev,f823f816-8106-4a11-a352-4f755894ba6c,e631950c-1c9a-11e3-a298-fc0fb1890234,"Report Action Workflows.docx",docx,11041
http://sp-app01/sites/dev,/sites/dev,f823f816-8106-4a11-a352-4f755894ba6c,e6ca49b4-1c9a-11e3-a298-fc0fb1890234,"Report to SimpleXML Panel.docx",docx,27215
http://sp-app01/sites/dev,/sites/dev,f823f816-8106-4a11-a352-4f755894ba6c,e762f9fc-1c9a-11e3-a298-fc0fb1890234,"S2S Protocol.docx",docx,21613
http://sp-app01/sites/dev,/sites/dev,f823f816-8106-4a11-a352-4f755894ba6c,e7fbcd26-1c9a-11e3-a298-fc0fb1890234,"Search Normalization.docx",docx,32592
http://sp-app01/sites/dev,/sites/dev,f823f816-8106-4a11-a352-4f755894ba6c,e8948048-1c9a-11e3-a298-fc0fb1890234,"Searchhead Cluster NonClusterData.docx",docx,13358
http://sp-app01/sites/dev,/sites/dev,f823f816-8106-4a11-a352-4f755894ba6c,e92d331a-1c9a-11e3-a298-fc0fb1890234,"SetupFx ERD.docx",docx,34222
http://sp-app01/sites/dev,/sites/dev,f823f816-8106-4a11-a352-4f755894ba6c,e9c60ad6-1c9a-11e3-a298-fc0fb1890234,"Simple XML Beta.docx",docx,27824
http://sp-app01/sites/dev,/sites/dev,f823f816-8106-4a11-a352-4f755894ba6c,ea5ee328-1c9a-11e3-a298-fc0fb1890234,"Simple XML Javascript Rendering.docx",docx,31922
http://sp-app01/sites/dev,/sites/dev,f823f816-8106-4a11-a352-4f755894ba6c,eaf792c6-1c9a-11e3-a298-fc0fb1890234,"Size Based Retention For Summaries.docx",docx,13171
http://sp-app01/sites/dev,/sites/dev,f823f816-8106-4a11-a352-4f755894ba6c,eb90716c-1c9a-11e3-a298-fc0fb1890234,"Splunk Analytics Branding PRD.docx",docx,32650
http://sp-app01/sites/dev,/sites/dev,f823f816-8106-4a11-a352-4f755894ba6c,ec2940fe-1c9a-11e3-a298-fc0fb1890234,"Splunk DBConnect PRD.docx",docx,34651
http://sp-app01/sites/dev,/sites/dev,f823f816-8106-4a11-a352-4f755894ba6c,ecc1f204-1c9a-11e3-a298-fc0fb1890234,"SplunkBar.docx",docx,20490
http://sp-app01/sites/dev,/sites/dev,f823f816-8106-4a11-a352-4f755894ba6c,ed5ac664-1c9a-11e3-a298-fc0fb1890234,"Table Meta Data.docx",docx,17643
http://sp-app01/sites/dev,/sites/dev,f823f816-8106-4a11-a352-4f755894ba6c,edf376d4-1c9a-11e3-a298-fc0fb1890234,"Timeline Search Page.docx",docx,31676
http://sp-app01/sites/dev,/sites/dev,f823f816-8106-4a11-a352-4f755894ba6c,ee8c2d34-1c9a-11e3-a298-fc0fb1890234,"Token Binding ERD.docx",docx,33505
http://sp-app01/sites/dev,/sites/dev,f823f816-8106-4a11-a352-4f755894ba6c,ef2506e4-1c9a-11e3-a298-fc0fb1890234,"TSIDX Management PRD.docx",docx,18926
http://sp-app01/sites/dev,/sites/dev,f823f816-8106-4a11-a352-4f755894ba6c,efbddc02-1c9a-11e3-a298-fc0fb1890234,"TSIDX PRD.docx",docx,12938
http://sp-app01/sites/dev,/sites/dev,f823f816-8106-4a11-a352-4f755894ba6c,f0568d12-1c9a-11e3-a298-fc0fb1890234,"UI Prefs.docx",docx,18414
http://sp-app01/sites/dev,/sites/dev,f823f816-8106-4a11-a352-4f755894ba6c,f0ef624e-1c9a-11e3-a298-fc0fb1890234,"Unified search and reporting.docx",docx,32071
http://sp-app01/sites/dev,/sites/dev,f823f816-8106-4a11-a352-4f755894ba6c,f18a38be-1c9a-11e3-a298-fc0fb1890234,"UnifiedSearchAndReporting.docx",docx,13312
http://sp-app01/sites/dev,/sites/dev,f823f816-8106-4a11-a352-4f755894ba6c,f222e94c-1c9a-11e3-a298-fc0fb1890234,"User prefs.docx",docx,16423
http://sp-app01/sites/dev,/sites/dev,f823f816-8106-4a11-a352-4f755894ba6c,f2bbbb86-1c9a-11e3-a298-fc0fb1890234,"USSR UI Spec.docx",docx,22887
http://sp-app01/sites/dev,/sites/dev,f823f816-8106-4a11-a352-4f755894ba6c,f3549748-1c9a-11e3-a298-fc0fb1890234,"VirtualIndexesUI.docx",docx,26045
http://sp-app01/sites/dev,/sites/dev,f823f816-8106-4a11-a352-4f755894ba6c,f3ed4cea-1c9a-11e3-a298-fc0fb1890234,"Windows Regmon input to WinRegMon modular input ERD.docx",docx,33061
http://sp-app01/sites/dev,/sites/dev,f823f816-8106-4a11-a352-4f755894ba6c,f4861c2c-1c9a-11e3-a298-fc0fb1890234,"WinEventLog input refactoring to modular input ERD.docx",docx,25982
http://sp-app01/sites/dev,/sites/dev,f823f816-8106-4a11-a352-4f755894ba6c,f51ef42e-1c9a-11e3-a298-fc0fb1890234,"WinHostMon ERD.docx",docx,15573
http://sp-app01/sites/dev,/sites/dev,f823f816-8106-4a11-a352-4f755894ba6c,f5b7aaca-1c9a-11e3-a298-fc0fb1890234,"WinPrintMon ERD.docx",docx,22714
